Time,Altitude,Altitude_BMP390,Temperature_BMP390,Acceleration_X_BNO085,Acceleration_Y_BNO085,Acceleration_Z_BNO085,Magnetic_X_BNO085,Magnetic_Y_BNO085,Magnetic_Z_BNO085,Gyro_X_BNO085,Gyro_Y_BNO085,Gyro_Z_BNO085,Quaternion_W_BNO085,Quaternion_X_BNO085,Quaternion_Y_BNO085,Quaternion_Z_BNO085,Acceleration_X_ICM20649,Acceleration_Y_ICM20649,Acceleration_Z_ICM20649,Gyro_X_ICM20649,Gyro_Y_ICM20649,Gyro_Z_ICM20649
9390.623392,2.29978955,236.5218073,21.13237145,-1.03125,-0.390625,9.7265625,-3.9375,-14.0625,-48.5,0,0.001953125,0,0.241210938,0.046508789,0.031921387,-0.968811035,0.009576807,-1.331176123,9.854534033,-0.045298623,-0.007194487,-0.0042634
9390.656725,0.6770009019,236.4283657,21.13237145,-1.03125,-0.390625,9.7265625,-3.9375,-14.8125,-46.9375,0,0.001953125,0,0.241149902,0.046569824,0.031982422,-0.968811035,0.201112939,-1.350329736,10.05564697,-0.043166923,-0.0063951,-0.00106585
9390.690058,0.3691574551,236.1485829,21.13237145,-1.0703125,-0.390625,9.73046875,-3.9375,-14.8125,-48.875,0.001953125,0,0.001953125,0.241088867,0.046569824,0.031982422,-0.96887207,0.201112939,-1.244984863,10.03649336,-0.042367536,0.000532925,0.002398162
9390.723392,-0.157636393,236.8939852,21.14146117,-1.03125,-0.390625,9.7265625,-3.9375,-14.8125,-48.875,0.001953125,0,0.001953125,0.241088867,0.046569824,0.031982422,-0.96887207,0.210689746,-1.216254443,9.988609326,-0.043966311,-0.00746095,0.002398162
9390.756725,0.715429551,236.3354547,21.13691631,-1.03125,-0.390625,9.7265625,-3.9375,-14.0625,-48.5625,0.001953125,0,0.001953125,0.241027832,0.046630859,0.031982422,-0.96887207,0.095768066,-1.570596289,9.768342773,-0.043699848,-0.00959265,-0.000266462
9390.790058,0.9280308661,236.7076297,21.14146117,-1.03125,-0.390625,9.7265625,-3.9375,-14.0625,-48.5625,0,0.001953125,0,0.241027832,0.046569824,0.031921387,-0.96887207,0.134075293,-1.187524023,10.03649336,-0.043166923,0.000532925,0.005862175
9390.823392,-2.167982563,236.1491053,21.13691631,-1.03125,-0.390625,9.7265625,-3.5625,-14.0625,-48.5625,0.001953125,0.001953125,-0.001953125,0.241027832,0.046569824,0.031921387,-0.96887207,0.296881006,-1.25456167,10.2376063,-0.047963248,0.007993875,0.004796325
9390.856725,-1.002747384,236.1496352,21.13237145,-1.03125,-0.390625,9.7265625,-4.25,-15.1875,-46.5625,0.001953125,0.001953125,-0.001953125,0.240966797,0.046630859,0.031921387,-0.96887207,0.1436521,-1.264138477,10.18972227,-0.039702911,0.003730475,0.00532925
9390.890058,-0.645370386,236.2420165,21.13691631,-1.03125,-0.390625,9.7265625,-4.25,-15.1875,-46.5625,0,0,0.00390625,0.241027832,0.046691895,0.031982422,-0.96887207,0.11492168,-1.25456167,10.03649336,-0.026113324,0.001865237,-0.002664625
9390.923392,-2.342800001,236.1491053,21.13691631,-1.03125,-0.390625,9.7265625,-3.9375,-15.875,-48.875,0.00390625,0,0.001953125,0.241027832,0.046691895,0.031982422,-0.96887207,0.1436521,-1.101332764,10.32379756,-0.038370598,0.006928025,0.011191425
9390.956725,-4.209844402,235.8698486,21.13237145,-1.0703125,-0.390625,9.73046875,-3.1875,-15.125,-48.5,0.00390625,0,0.001953125,0.241027832,0.046630859,0.031982422,-0.96887207,0.105344873,-1.407790576,9.988609326,-0.04716386,0.00532925,0.007993875
9390.990058,0.5771914771,237.2672504,21.14146117,-1.03125,-0.35546875,9.7265625,-3.1875,-15.125,-48.5,-0.001953125,0,0.0078125,0.241027832,0.046691895,0.031982422,-0.96887207,0.153228906,-0.833182178,12.21042847,-0.036505361,0.008260337,0.002398162
9391.023391,-1.200152177,235.3103196,21.14146117,0.38671875,-2,48.03125,-3.5625,-14.8125,-48.5,-0.03125,-0.01953125,-0.390625,0.241027832,0.046691895,0.031982422,-0.96887207,6.924031201,5.669469531,103.31459,-0.070079634,-0.136428794,-0.41115162
9391.056725,3.916608553,238.0121863,21.13691631,-1.8359375,-0.8515625,78.1796875,-3.5625,-15.5,-47.3125,-0.03125,-0.01953125,-0.390625,0.237182617,0.04675293,0.032592773,-0.969787598,27.81104648,-16.22311045,94.78165532,-0.082869834,0.1220398198,0.6882726079
9391.090058,3.126435457,237.6394396,21.13237145,-1.4140625,-1.04296875,76.33984375,-3.5625,-15.5,-47.3125,-0.04296875,-0.0078125,0.986328125,0.247436523,0.047607422,0.032836914,-0.967163086,1.005564697,7.019799268,104.3105779,-0.089797859,-0.090863709,0.523065865
9391.123391,2.515031582,236.8010738,21.13691631,0.1953125,-2.23046875,78.640625,-4.625,-14.4375,-47.6875,-0.00390625,0.02734375,0.56640625,0.247436523,0.047607422,0.032836914,-0.967163086,-4.118026855,-6.694187842,113.322353,-0.083402759,-0.011457887,0.2579356889
9391.156725,6.8600545,238.4784214,21.14600602,-1.18359375,-1.92578125,78.64453125,-4.25,-14.8125,-48.125,-0.00390625,0.02734375,0.56640625,0.262512207,0.048278809,0.03314209,-0.963134766,1.31202251,8.149862451,127.2470298,-0.053026035,-0.013323124,-0.114045945
9391.190058,0.1210276904,234.2862836,21.14146117,0.078125,-1.80859375,78.640625,-3.5625,-14.0625,-48.125,0.001953125,0.033203125,-0.0078125,0.264160156,0.04901123,0.032958984,-0.962646484,-7.929595898,11.61666646,126.6149606,-0.073277184,-0.005062787,1.064784104
9391.223391,-2.028344167,235.8698486,21.13691631,-0.5703125,-0.0859375,78.64453125,-3.5625,-14.0625,-48.125,-0.044921875,0.0078125,0.359375,0.264160156,0.04901123,0.032958984,-0.962646484,-1.838746875,-19.27811177,124.268643,-0.003730475,-0.068214397,0.7905942035
9391.256725,7.405893755,239.2245811,21.14146117,-1.22265625,-1.234375,78.640625,-4,-13.375,-46.125,-0.044921875,0.0078125,0.359375,0.280029297,0.049743652,0.032714844,-0.958129883,-3.56257207,-15.18881533,117.6031855,0.01332312443,-0.068747322,1.075176141
9391.290058,10.30004157,240.2501554,21.14600602,-0.6484375,-0.8515625,78.640625,-4.25,-12.625,-48.125,-0.08984375,0.037109375,0.9609375,0.303222656,0.050842285,0.033081055,-0.95098877,0.4405331055,-1.915361328,133.9507945,-0.220364478,-0.172934155,0.9661929835
9391.323391,10.64768205,239.1310862,21.14146117,-1.875,-1.88671875,78.640625,-4.25,-12.625,-48.125,-0.220703125,0.2265625,0.931640625,0.303222656,0.050842285,0.033081055,-0.95098877,3.687070557,-1.19710083,150.9783567,-0.294174587,-0.273124051,0.9368821097
9391.356725,11.59950532,239.1310862,21.13691631,-1.4140625,-1.46484375,78.640625,-3.1875,-10.1875,-47.375,-0.220703125,0.2265625,0.931640625,0.325195313,0.054321289,0.037536621,-0.943359375,1.216254443,-5.056553906,154.4355839,-0.452719768,-0.344003073,0.873197575
9391.390058,18.14910591,241.9274509,21.14146117,-1.4921875,-1.234375,78.64453125,-3.1875,-10.1875,-47.375,-0.341796875,0.416015625,0.859375,0.346313477,0.061096191,0.046630859,-0.934936523,2.777273926,-0.804451758,151.9743446,-0.552643201,-0.434866781,0.814042903
9391.423391,21.8261097,242.393909,21.14600602,-1.14453125,-0.7734375,78.64453125,-2.8125,-9.8125,-47.8125,-0.443359375,0.62890625,0.8359375,0.346313477,0.061096191,0.046630859,-0.934936523,0.08619126,-1.436520996,155.3549573,-0.725310894,-0.467108742,0.8164410649
9391.456724,27.07397989,244.5387497,21.15055087,-0.45703125,-0.16015625,78.64453125,-0.9375,-8.375,-48.25,-0.443359375,0.62890625,0.8359375,0.365234375,0.071533203,0.059875488,-0.926208496,-1.915361328,-1.034295117,155.9487193,-0.835626364,-0.508410428,0.745562043
9391.490058,35.23105441,247.3365887,21.14600602,0.26953125,0.18359375,78.64453125,-0.125,-6.5625,-48.625,-0.482421875,0.78515625,0.744140625,0.382751465,0.085632324,0.076416016,-0.916687012,-1.39821377,-0.469263525,159.5112914,-0.927022998,-0.511075053,0.6920030828
9391.523391,44.27394661,250.8815727,21.14600602,1.3046875,0.640625,78.64453125,-0.125,-6.5625,-48.625,-0.50390625,0.884765625,0.689453125,0.382751465,0.085632324,0.076416016,-0.916687012,-0.737414111,-1.034295117,158.295037,-0.956333871,-0.502814716,0.6850750581
9391.556724,55.60042936,254.0544002,21.13691631,2.453125,1.33203125,78.640625,2.5,-5.5,-49.125,-0.50390625,0.884765625,0.689453125,0.397888184,0.101745605,0.094482422,-0.906860352,-2.777273926,0.842758984,157.6821213,-0.973653933,-0.479898942,0.7178499442
9391.590058,68.17844446,258.254698,21.14600602,3.71875,2.13671875,78.640625,2.5,-5.5,-49.125,-0.458984375,0.908203125,0.732421875,0.413024902,0.119262695,0.112609863,-0.895812988,-3.035847705,4.434061475,154.5983896,-0.956333871,-0.446324668,0.8020520905
9391.623391,85.3941875,263.858264,21.14600602,5.51953125,2.98046875,78.64453125,6.25,-3.375,-50.4375,-0.3515625,0.845703125,0.916015625,0.413024902,0.119262695,0.112609863,-0.895812988,-3.869029883,5.305550879,156.5424813,-0.850281801,-0.330147023,0.988842295
9391.656724,101.8858872,269.4647786,21.14146117,7.2421875,3.4765625,78.64453125,7.75,-2.3125,-50.4375,-0.3515625,0.845703125,0.916015625,0.430419922,0.136962891,0.127563477,-0.882995605,-4.941632227,6.01423457,157.9215415,-0.757552855,-0.233687602,1.130866801
9391.690058,120.2503923,274.9813821,21.14600602,8.69921875,3.78515625,78.64453125,7.75,-2.3125,-50.4375,-0.189453125,0.681640625,1.193359375,0.452941895,0.154174805,0.137084961,-0.867370605,-6.004657764,11.03248125,164.4912309,-0.564900476,-0.100189896,1.511375235
9391.723391,140.0933621,281.1552171,21.14600602,10.3828125,3.70703125,78.64453125,10.75,-2.625,-50.875,-0.025390625,0.435546875,1.830078125,0.452941895,0.154174805,0.137084961,-0.867370605,-3.916913916,8.714894043,154.6558504,-0.399160808,-0.047963248,2.017121038
9391.756724,156.0393115,285.1772355,21.13691631,11.83984375,3.70703125,78.64453125,12.25,-0.5,-50.9375,-0.025390625,0.435546875,1.830078125,0.485534668,0.16986084,0.138183594,-0.846374512,-1.177947217,6.971915234,153.0373701,-0.216634003,0.06741501,2.450655507
9391.790057,167.9764125,287.9856852,21.14600602,12.375,2.7109375,78.640625,12.25,-0.5,-50.9375,0.08984375,0.1171875,2.662109375,0.534362793,0.183227539,0.12890625,-0.815002441,-1.742978809,11.94227788,156.9830145,0.039702911,0.02851148627,3.13200009
9391.823391,175.2791734,289.2981322,21.13691631,12.4921875,-0.31640625,78.640625,13.375,-2.3125,-50.1875,0.03125,-0.234375,3.18359375,0.534362793,0.183227539,0.12890625,-0.815002441,-0.526724365,8.829815723,150.7102061,0.3352098106,-0.057022973,3.222064412
9391.856724,173.2504355,286.9566018,21.14146117,11.265625,-1.54296875,78.64453125,14.125,-1.9375,-50.1875,0.03125,-0.234375,3.18359375,0.59564209,0.190917969,0.111328125,-0.772216797,-1.19710083,7.460332373,151.4284666,0.499883629,-0.219831553,3.063252768
9391.890057,169.0137699,285.2715893,21.14146117,10,-1.88671875,78.640625,14.125,-1.9375,-50.1875,-0.19140625,-0.53515625,3.013671875,0.655212402,0.188476563,0.091674805,-0.725769043,1.551442676,8.025363965,149.2449547,0.6554977218,-0.355194497,2.777604981
9391.923391,165.869961,284.5227804,21.13691631,7.89453125,-1.54296875,78.640625,15.25,-1.25,-50.625,-0.4609375,-0.7265625,2.4921875,0.655212402,0.188476563,0.091674805,-0.725769043,-3.332728711,2.643198633,148.4979638,0.743963268,-0.551310889,2.347534524
9391.956724,168.1743773,286.2061562,21.14146117,5.2890625,-0.16015625,78.64453125,13.375,-0.875,-50.5625,-0.4609375,-0.7265625,2.4921875,0.704772949,0.175598145,0.074707031,-0.683288574,-1.015141504,0.7565677246,148.3734653,0.7250444313,-0.63284841,2.019519201
9391.990057,175.4675682,289.2965486,21.13691631,2.9140625,1.75390625,78.640625,13.375,-0.875,-50.5625,-0.625,-0.751953125,1.947265625,0.74407959,0.155822754,0.061645508,-0.646728516,-5.774814404,0.277727393,148.3638885,0.6618928216,-0.677880571,1.737068963
9392.023391,183.6940788,291.9187597,21.14146117,0.65625,3.78515625,78.640625,13,2,-50.625,-0.619140625,-0.603515625,1.560546875,0.74407959,0.155822754,0.061645508,-0.646728516,-2.997540479,-3.122038965,144.4086673,0.5060122658,-0.621656986,1.524698359
9392.056724,194.0174021,295.3873759,21.13691631,-1.52734375,6.1953125,78.640625,13,2,-50.625,-0.619140625,-0.603515625,1.560546875,0.773254395,0.135986328,0.053100586,-0.617004395,-11.69328091,-5.765237598,130.0721878,0.2939081249,-0.506545191,1.618759618
9392.090057,209.3863482,300.9141049,21.13691631,-2.5234375,9.03125,78.640625,13,2,-50.625,-0.439453125,-0.28125,1.6640625,0.799560547,0.122070313,0.048034668,-0.58605957,-10.88882915,-5.066130713,121.4243314,0.096459421,-0.34800001,1.964095003
9392.12339,227.2592626,306.7295735,21.13691631,-2.71484375,11.17578125,78.640625,12.1875,2.375,-49,-0.0859375,0.076171875,2.40625,0.799560547,0.122070313,0.048034668,-0.58605957,-10.93671318,-4.520252734,106.139748,-0.166805518,-0.010924962,2.6190598
9392.156724,244.7119472,311.8884881,21.14600602,-1.30078125,11.5234375,78.640625,14.125,2.75,-50.25,-0.0859375,0.076171875,2.40625,0.830444336,0.120117188,0.043884277,-0.542236328,-10.74517705,-0.095768066,98.15269126,-0.280585,0.1883889794,3.014756595
9392.190057,252.0706765,312.2658959,21.13237145,0.9609375,10.71875,78.640625,14.125,2.75,-50.25,0.28125,0.236328125,3.056640625,0.86706543,0.129638672,0.03692627,-0.479614258,-134.4487884,-40.0980894,53.35238979,0.1374946441,-6.230425907,2.885788751
9392.22339,270.3112204,319.7760634,21.14146117,0.65625,12.2109375,35.6171875,16,2.375,-49.4375,0.54296875,0.17578125,2.84765625,0.86706543,0.129638672,0.03692627,-0.479614258,-3.629609717,4.434061475,49.1769021,-0.057289435,0.6341807227,2.68327726
9392.256724,287.6364582,324.8484256,21.15055087,8.546875,6.6171875,24.43359375,18.125,1.3125,-50.3125,0.54296875,0.17578125,2.84765625,0.898925781,0.143981934,0.024841309,-0.413085938,1.05344873,8.092401611,48.47779521,0.093261871,0.5417182392,2.168205269
9392.290057,300.7250797,328.0433768,21.14600602,5.25,1.29296875,51.359375,18.125,1.3125,-50.3125,0.5703125,-0.134765625,2.095703125,0.919372559,0.157897949,0.008850098,-0.360107422,-0.02873042,4.750096094,50.07712192,0.2326217525,0.4164808696,1.735470188
9392.32339,309.4730994,329.9232084,21.14600602,4.71484375,-1.734375,47.3046875,20.4375,-0.875,-50.6875,0.298828125,-0.337890625,1.392578125,0.919372559,0.157897949,0.008850098,-0.360107422,4.194641309,0.354341846,45.34617944,0.3285482484,0.1564134808,1.236119484
9392.356724,321.0399666,333.967215,21.15055087,0.921875,-5.33203125,46.99609375,19.6875,-2.3125,-51.0625,0.298828125,-0.337890625,1.392578125,0.93145752,0.164489746,-0.007629395,-0.324462891,3.945644336,-0.632069238,46.47624263,0.326683011,-0.022915774,0.9875099826
9392.390057,341.6553143,341.8665806,21.14146117,-1.60546875,-4.68359375,46.73046875,19.6875,-2.3125,-51.0625,-0.0390625,-0.345703125,0.9296875,0.93927002,0.162719727,-0.020629883,-0.301452637,2.738966699,-4.606443994,46.05486313,0.2707258884,-0.146820831,0.7218468815
9392.42339,361.4599692,347.7054283,21.15055087,-3.0234375,-3.1875,46.1171875,18.9375,-2.6875,-50.6875,-0.267578125,-0.154296875,0.513671875,0.93927002,0.162719727,-0.020629883,-0.301452637,2.087743848,-4.884171387,44.38849878,0.03384073605,-0.322686074,0.400759583
9392.456723,380.9464253,353.541963,21.15509572,-4.36328125,-1.65625,45.578125,18.5625,-2.3125,-51.0625,-0.267578125,-0.154296875,0.513671875,0.944702148,0.155883789,-0.027038574,-0.287353516,0.229843359,-5.152321973,45.4323707,-0.091130171,-0.330946411,0.078872897
9392.490057,396.6175805,357.5951599,21.15055087,-4.36328125,0.796875,45.19921875,18.5625,-2.3125,-51.0625,-0.318359375,0.080078125,0.0078125,0.94708252,0.14831543,-0.02557373,-0.283447266,-3.303998291,-2.413355273,41.64953208,-0.209173054,-0.266462489,-0.246211339
9392.52339,412.1955837,362.3084517,21.14600602,-2.41015625,2.75,44.73828125,19.25,-0.5,-50.25,-0.212890625,0.23828125,-0.42578125,0.94708252,0.14831543,-0.02557373,-0.283447266,-3.342305518,-1.790862842,44.66622617,-0.295773362,-0.141758044,-0.505479341
9392.556723,425.7883173,366.0805914,21.13691631,-0.80078125,3.8984375,44.16796875,18.0625,-1.25,-47.4375,-0.212890625,0.23828125,-0.42578125,0.945861816,0.144226074,-0.018005371,-0.290222168,-6.675034229,2.50912334,43.07647627,-0.316823899,-0.048496173,-0.676548258
9392.590057,441.555583,371.2710894,21.14600602,0.6171875,4.625,43.7421875,18.0625,-1.25,-47.4375,-0.04296875,0.265625,-0.69140625,0.941589355,0.144165039,-0.008789063,-0.304199219,-4.137180469,0.555454785,41.38138149,-0.266728951,0.05675651,-0.767944892
9392.62339,459.3148829,377.0240335,21.14600602,2.37890625,4.12890625,43.40234375,19.625,-0.875,-50.25,0.08203125,0.18359375,-0.861328125,0.941589355,0.144165039,-0.008789063,-0.304199219,-3.313575098,2.3080104,42.33906216,-0.189188367,0.1217733573,-0.899310899
9392.656723,476.4893522,382.1271489,21.14600602,3.83203125,3.78515625,42.859375,18.5,-2.6875,-50.625,0.08203125,0.18359375,-0.861328125,0.935058594,0.147216797,-0.001098633,-0.32244873,-4.596867188,5.564124658,44.30230752,-0.096725883,0.1684042928,-1.003764194
9392.690057,492.2704227,386.6658823,21.14600602,4.21875,3.09375,42.44140625,18.5,-2.6875,-50.625,0.18359375,0.03515625,-1.025390625,0.926208496,0.151550293,0.003173828,-0.345153809,-1.752555615,3.074154932,38.94887261,-0.00319755,0.1945176166,-1.10608579
9392.72339,509.4719003,392.1485963,21.15964057,2.875,0.4140625,41.90234375,18.9375,-1.5625,-51.5,0.173828125,-0.109375,-1.15234375,0.926208496,0.151550293,0.003173828,-0.345153809,-1.350329736,2.202665527,43.05732266,0.067947935,0.1684042928,-1.162575838
9392.756723,526.4291782,397.2519789,21.14600602,2.109375,-0.58203125,41.3671875,18.125,-1.625,-50.25,0.173828125,-0.109375,-1.15234375,0.915588379,0.155029297,0.004150391,-0.370910645,-1.465251416,0.861912598,42.94240098,0.098857583,0.1097825453,-1.265430358
9392.790056,545.6541447,403.4972564,21.15509572,1,-0.8515625,40.91015625,18.125,-1.625,-50.25,0.09765625,-0.1640625,-1.259765625,0.903198242,0.15625,0.004211426,-0.399780273,0.019153613,-3.371035938,41.61122485,0.1033874456,0.078872897,-1.299004632
9392.82339,561.8419104,407.8561747,21.15964057,-0.03515625,-1.04296875,40.52734375,17.375,-1.9375,-50.625,0.009765625,-0.146484375,-1.30859375,0.903198242,0.15625,0.004211426,-0.399780273,0.679953271,-0.938527051,42.08048838,0.06101991,-0.038370598,-1.32671673
9392.856723,582.1422348,414.7649254,21.15055087,-1.26171875,-1.00390625,39.94921875,15.625,0.5625,-50.5625,0.009765625,-0.146484375,-1.30859375,0.889587402,0.155334473,0.005554199,-0.429504395,-1.015141504,-2.135627881,42.42525342,0.03384073605,-0.002398162,-1.354961754
9392.890056,602.4666771,420.9277707,21.15509572,-1.98828125,-0.62109375,39.30078125,15.625,0.5625,-50.5625,-0.0625,-0.04296875,-1.361328125,0.874816895,0.153381348,0.009338379,-0.459472656,-4.213794922,-2.42293208,39.77247798,-0.043966311,-0.050627873,-1.444759613
9392.92339,621.4273734,426.4281157,21.15055087,-1.60546875,-0.046875,38.875,16.6875,-0.875,-51.4375,-0.0859375,0.0625,-1.431640625,0.874816895,0.153381348,0.009338379,-0.459472656,-1.149216797,-1.149216797,40.2321647,-0.175065855,-0.039702911,-1.453552875
9392.956723,638.6928157,431.3618865,21.14146117,-1.0703125,0.2578125,38.53515625,13.75,0.9375,-50.1875,-0.0859375,0.0625,-1.431640625,0.858520508,0.151550293,0.016296387,-0.489624023,-3.70622417,-0.488417139,41.42926553,-0.133231244,-0.04822971,-1.511641698
9392.990056,656.6921069,436.9648813,21.15055087,-0.5703125,1.41015625,37.95703125,13.75,0.9375,-50.1875,-0.08203125,0.1171875,-1.51953125,0.83984375,0.150024414,0.02520752,-0.521118164,-2.42293208,-2.250549561,36.20990591,-0.159877493,-0.071678409,-1.558272633
9393.02339,673.3944569,441.8062823,21.15055087,0.5390625,2.48046875,37.4609375,14.5,0.5625,-52.1875,-0.01171875,0.10546875,-1.59765625,0.83984375,0.150024414,0.02520752,-0.521118164,-4.616020801,0.6512228516,37.33996909,-0.167871368,0.01199081198,-1.610765743
9393.056723,690.3994746,447.0347249,21.15509572,0.65625,2.82421875,36.84375,13.6875,0.9375,-49.375,-0.01171875,0.10546875,-1.59765625,0.81854248,0.149597168,0.033996582,-0.553527832,-3.380612744,1.723825195,36.75578389,-0.114312408,0.045032161,-1.640876004
9393.090056,708.3007581,452.641347,21.15055087,1.3046875,2.671875,36.27734375,13.6875,0.9375,-49.375,0.06640625,0.087890625,-1.65625,0.795043945,0.150146484,0.041564941,-0.586242676,-1.206677637,2.221819141,35.69275835,-0.11564472,0.1337641693,-1.69390204
9393.123389,726.9523544,458.4461093,21.15055087,1.8046875,2.13671875,35.58203125,12.5625,1.3125,-50.125,0.099609375,0.041015625,-1.685546875,0.795043945,0.150146484,0.041564941,-0.586242676,0.421379492,0.689530078,34.44777349,-0.054891273,0.1356294067,-1.706958702
9393.156723,746.0871548,464.3468113,21.15055087,2.0703125,0.52734375,34.81640625,12.1875,1.3125,-49.75,0.099609375,0.041015625,-1.685546875,0.769348145,0.150817871,0.047424316,-0.61895752,0.287304199,-0.02873042,34.54354155,0.01012557456,0.1188422699,-1.701362989
9393.190056,765.6137287,470.3486763,21.15964057,1.45703125,-0.19921875,34.46875,12.1875,1.3125,-49.75,0.095703125,-0.025390625,-1.705078125,0.742004395,0.150390625,0.052124023,-0.651245117,0.928950244,-0.344765039,33.97850996,0.00106585,0.086333846,-1.728542163
9393.223389,784.4951663,475.9674791,21.15509572,1.45703125,-0.19921875,34.46875,11.8125,-0.5,-50.5,0.02734375,-0.068359375,-1.69921875,0.742004395,0.150390625,0.052124023,-0.651245117,-1.22583125,0.967257471,32.64733384,0.01225727447,0.043433386,-1.708291014
9393.256723,805.4972909,482.733458,21.14600602,0.30859375,-0.125,27.57421875,9.9375,-0.125,-50.0625,0.02734375,-0.068359375,-1.69921875,0.713562012,0.147888184,0.05657959,-0.682434082,1.379060156,-0.948103857,22.56295645,-0.003730475,0.013056662,-1.724545226
9393.290056,827.9024966,489.7927222,21.14600602,-0.41796875,0.10546875,15.05078125,9.9375,-0.125,-50.0625,-0.00390625,-0.0546875,-1.716796875,0.683776855,0.144470215,0.061706543,-0.712585449,-1.177947217,0.411802686,2.059013428,-0.008260337,-0.009859112,-1.753589637
9393.323389,849.6657897,496.2895353,21.15055087,-0.265625,0.52734375,2.3671875,9.25,0.25,-49.6875,0.0078125,-0.0625,-1.765625,0.683776855,0.144470215,0.061706543,-0.712585449,-2.633621826,-1.493981836,-5.391742139,0.0466309355,0.0466309355,-1.80741506
9394.715255,1641.686991,737.3445053,21.06874305,-0.33984375,0.796875,-5.55859375,8.875,-1.5625,-49.25,-0.005859375,-0.01171875,-1.630859375,0.618408203,0.137329102,0.071655273,-0.770446777,-0.555454785,1.484405029,-7.24006582,-0.054891273,0.01252373696,-1.633148592
9396.082765,2311.068275,940.2068289,21.06419814,-0.2265625,0.06640625,-6.74609375,10.375,-18.6875,-50.3125,-0.005859375,-0.009765625,-1.619140625,0.768554688,0.123046875,-0.625549316,0.054077148,-0.526724365,-2.346317627,-5.717353564,-0.062885147,0.026379786,-1.418113364
9397.298876,2823.816025,1096.857747,21.07328796,-0.11328125,-0.69921875,-4.984375,11.8125,-0.5,-50.4375,-0.015625,0.0078125,-1.404296875,0.757995605,0.14453125,-0.635498047,0.026428223,0.459686719,0.0478840332,-2.375048047,-0.076208272,-0.00746095,-1.310196056
9398.381438,3223.942133,1219.594486,21.06419814,2.37109375,-1.40625,-6.00390625,12.25,-0.5,-50.875,-0.0078125,0.013671875,-1.30078125,0.007324219,0.979064941,0.00604248,0.203430176,-0.076614453,-0.08619126,-4.079719629,-0.049828485,0.002664625,-1.191620249
9399.350816,3539.504866,1316.11383,21.07783286,2.37109375,-1.7890625,-5.265625,5.125,-14.0625,-51.375,-0.0234375,0.0078125,-1.171875,0.013916016,0.978393555,0.034973145,0.20324707,-1.206677637,-0.124498486,-1.350329736,-0.021316999,0.004796325,-1.075975529
9400.215867,3789.136297,1392.418962,21.08237776,2.68359375,-2.1328125,-4.921875,5.875,-14.4375,-50.25,-0.013671875,-0.033203125,-1.07421875,0.029174805,-0.838500977,-0.500671387,-0.213012695,-0.201112939,0.067037646,-1.982398975,0.01199081198,-0.007727412,-0.989641682
9400.988122,3989.899216,1453.861588,21.06874305,2.76171875,-1.90625,-4.5,9.6875,-16.5625,-49.875,-0.009765625,-0.060546875,-0.970703125,0.260009766,-0.327270508,-0.903015137,-0.099060059,-0.038307227,0.459686719,-1.829170068,0.03170903614,0.038370598,-0.907571236
9401.688417,4152.036767,1503.165147,21.07328796,2.8359375,-1.75,-4.1953125,13,-17.25,-49.5625,0.0234375,-0.07421875,-0.90625,0.295349121,-0.100036621,-0.950134277,0.002319336,0.363918652,-0.383072266,-1.08217915,-0.005062787,0.074875959,-0.867868325
9402.318665,4281.523309,1542.504703,21.08237776,3.09765625,-1.91015625,-4.1328125,18.125,-18,-48.875,0.0546875,-0.0390625,-0.802734375,0.298278809,-0.083740234,-0.950744629,0.0078125,0.11492168,-0.622492432,-1.091755957,-0.066082697,0.083669221,-0.816174602
9402.878392,4385.292572,1574.192837,21.08237776,3.01953125,-2.0234375,-3.9375,20.375,-16.5625,-47.75,0.080078125,0.03515625,-0.728515625,0.322021484,0.105041504,-0.938049316,0.072753906,-0.392649072,0.17238252,-0.191536133,-0.082869834,0.096992346,-0.786863729
9403.387794,4472.099427,1600.789685,21.08692266,3.01953125,-1.98828125,-3.671875,24.125,-14.125,-47.8125,0.080078125,0.04296875,-0.724609375,0.308898926,0.394897461,-0.843078613,0.194641113,-0.335188232,-0.450109912,-0.574608398,-0.125770295,0.065549772,-0.76341503
9403.87524,4546.864729,1623.471587,21.07783286,2.9453125,-1.98828125,-3.67578125,27.5,-9.875,-49.125,0.05078125,0.076171875,-0.693359375,0.308410645,0.406433105,-0.836486816,0.199829102,0.1628057129,-0.277727393,-0.229843359,-0.142557431,0.048496173,-0.733038306
9404.308656,4603.987407,1640.47895,21.08692266,2.90625,-2.0234375,-3.55859375,29.375,-5.5625,-46.4375,0.033203125,0.111328125,-0.671875,0.327148438,0.514709473,-0.764770508,0.207763672,-0.047884033,-0.038307227,-0.229843359,-0.166539055,-0.002664625,-0.694134783
9404.699328,4651.371266,1655.074427,21.09146755,2.984375,-2.1015625,-3.48828125,28.5625,1.625,-46.5625,-0.0078125,0.119140625,-0.638671875,0.273864746,0.580444336,-0.715820313,0.275146484,0.287304199,-0.316034619,-0.1436521,-0.176931092,-0.046098011,-0.677081183
9405.068182,4691.107172,1667.09652,21.09146755,2.8671875,-2.0625,-3.4453125,28.9375,3.3125,-46.9375,-0.0546875,0.12890625,-0.611328125,0.26184082,0.631225586,-0.663452148,0.304748535,0.258573779,-0.421379492,-0.325611426,-0.171068918,-0.06634916,-0.660027584
9405.389047,4722.333862,1676.595269,21.08692266,2.90625,-2.140625,-3.3671875,27.4375,7.625,-45.375,-0.080078125,0.1328125,-0.6015625,0.242553711,0.6953125,-0.59161377,0.32824707,0.277727393,-0.248996973,-0.325611426,-0.166272593,-0.096725883,-0.636578885
9405.68591,4749.300485,1684.909464,21.08692266,3.23046875,-2.24609375,-3.44140625,23.9375,11.5,-43.75,-0.138671875,0.099609375,-0.544921875,0.239074707,0.698364258,-0.587463379,0.331665039,-0.038307227,-0.1436521,-0.134075293,-0.145222056,-0.134030632,-0.606468624
9405.95368,4768.162804,1690.171384,21.08692266,3.19140625,-2.28515625,-3.3984375,18.3125,16.125,-40.9375,-0.14453125,0.091796875,-0.537109375,0.229064941,0.71661377,-0.560974121,0.345336914,0.2681505859,-0.047884033,-0.268150586,-0.117243495,-0.157479331,-0.563301701
9406.200059,4785.994767,1695.987733,21.09146755,3.23046875,-2.32421875,-3.36328125,15,18.625,-40.875,-0.1796875,0.076171875,-0.49609375,0.223632813,0.729309082,-0.543029785,0.351013184,0.134075293,-0.191536133,0.095768066,-0.100989283,-0.18519143,-0.534790215
9406.424837,4799.80805,1700.028677,21.09601244,3.19140625,-2.24609375,-3.32421875,15.375,20.0625,-41.3125,-0.1953125,0.0546875,-0.47265625,0.260070801,0.750854492,-0.507751465,0.332885742,0.373495459,-0.038307227,0.11492168,-0.079139359,-0.193185304,-0.502548253
9406.620999,4810.770327,1703.368234,21.09146755,3.23046875,-2.28515625,-3.32421875,11.9375,21.875,-38.875,-0.21484375,0.0390625,-0.443359375,0.238891602,0.751953125,-0.511657715,0.340209961,0.1244984863,-0.153228906,0.019153613,-0.074609497,-0.207574279,-0.491623291
9406.797551,4818.73925,1705.636324,21.09601244,3.23046875,-2.28515625,-3.28125,9.625,23.625,-37.6875,-0.23046875,0.02734375,-0.427734375,0.205932617,0.754089355,-0.515930176,0.350463867,0.134075293,-0.124498486,-0.019153613,-0.05995406,-0.226226653,-0.473503842
9406.944773,4824.476104,1707.352583,21.09146755,3.23046875,-2.28515625,-3.28125,6.25,23.9375,-35.25,-0.232421875,0.01953125,-0.412109375,0.207214355,0.758850098,-0.510437012,0.347351074,0.229843359,-0.277727393,-0.229843359,-0.044499236,-0.23022359,-0.45405208
9407.094073,4829.920741,1709.069132,21.09601244,3.23046875,-2.28515625,-3.28125,3.1875,25.4375,-34.375,-0.244140625,0.0078125,-0.392578125,0.231384277,0.769348145,-0.494262695,0.331970215,0.02873042,-0.05746084,0,-0.029577336,-0.241148552,-0.432468619
9407.219996,4835.499596,1711.000594,21.10055733,3.30859375,-2.28515625,-3.28515625,1.75,25.0625,-34.75,-0.25,-0.005859375,-0.375,0.239318848,0.772644043,-0.489013672,0.326599121,0.095768066,-0.248996973,-0.124498486,-0.026646249,-0.244612564,-0.431669231
9407.341508,4839.116748,1711.859139,21.10055733,3.30859375,-2.24609375,-3.28515625,0.1875,26.8125,-32.375,-0.25390625,-0.021484375,-0.361328125,0.219726563,0.769592285,-0.498474121,0.333190918,0.08619126,-0.105344873,-0.047884033,-0.001865237,-0.245678414,-0.414082707
9407.444309,4841.085202,1712.320523,21.10510221,3.34375,-2.24609375,-3.24609375,-3.25,25.75,-30.75,-0.255859375,-0.037109375,-0.34765625,0.205505371,0.767150879,-0.505004883,0.338012695,-0.02873042,-0.009576807,-0.153228906,0.0042634,-0.24194794,-0.403957133
9407.544263,4843.000635,1712.964521,21.10510221,3.30859375,-2.24609375,-3.28515625,-3.25,25.375,-30.3125,-0.25390625,-0.048828125,-0.333984375,0.19720459,0.766723633,-0.508178711,0.339172363,0.05746084,0.229843359,-0.02873042,0.02371516148,-0.243546715,-0.388502308
9407.64365,4844.280639,1713.302591,21.1096471,3.30859375,-2.24609375,-3.24609375,-6.625,25.75,-29.0625,-0.25390625,-0.064453125,-0.326171875,0.191589355,0.76739502,-0.50982666,0.338378906,0.067037646,-0.105344873,-0.009576807,0.03330781107,-0.23875039,-0.385837683
9407.719811,4845.954417,1713.978792,21.11873685,3.30859375,-2.24609375,-3.24609375,-7.75,23.1875,-28.25,-0.24609375,-0.078125,-0.3125,0.192810059,0.769104004,-0.508666992,0.335449219,0.067037646,-0.134075293,0.076614453,0.03783767337,-0.238217465,-0.368251159
9407.791571,4849.369819,1715.358357,21.12328172,3.30859375,-2.24609375,-3.24609375,-8.9375,25.75,-26.3125,-0.248046875,-0.080078125,-0.30078125,0.199157715,0.772460938,-0.505126953,0.329284668,0.095768066,-0.105344873,0.076614453,0.047430323,-0.24194794,-0.358392047
9407.864803,4848.497343,1714.349078,21.13691631,3.26953125,-2.28515625,-3.24609375,-8.9375,26.0625,-25.4375,-0.251953125,-0.08203125,-0.30078125,0.211791992,0.778869629,-0.498168945,0.316711426,0.11492168,-0.124498486,0.067037646,0.043699848,-0.23235529,-0.356793272
9407.912855,4849.19214,1714.901966,21.13691631,3.30859375,-2.24609375,-3.24609375,-10.875,26.0625,-25.4375,-0.251953125,-0.087890625,-0.296875,0.217956543,0.781860352,-0.494812012,0.310302734,0.095768066,-0.02873042,-0.038307227,0.0580888225,-0.23875039,-0.346667698
9407.961489,4850.124347,1715.240157,21.14146117,3.34375,-2.28515625,-3.24609375,-11.5625,24.25,-25,-0.24609375,-0.087890625,-0.2890625,0.223999023,0.784790039,-0.491516113,0.303894043,0.2202665527,0.08619126,0,0.05782236,-0.234753452,-0.346401235
9408.010537,4851.213902,1715.610572,21.14600602,3.30859375,-2.24609375,-3.24609375,-11.5,25,-26.625,-0.25390625,-0.095703125,-0.28515625,0.229919434,0.787597656,-0.488220215,0.297302246,0.08619126,-0.067037646,-0.038307227,0.055157735,-0.243280252,-0.342137835
9408.059261,4852.352746,1715.975665,21.14600602,3.30859375,-2.24609375,-3.24609375,-12.6875,25,-23.4375,-0.25390625,-0.1015625,-0.28125,0.213806152,0.782897949,-0.496887207,0.307373047,0.08619126,0.067037646,0.11492168,0.06101991,-0.24301379,-0.338673823
9408.109354,4850.864722,1715.057609,21.15055087,3.30859375,-2.24609375,-3.24609375,-12.6875,25,-23.4375,-0.24609375,-0.1015625,-0.275390625,0.202453613,0.779907227,-0.502502441,0.313537598,-0.181959326,-0.11492168,0.095768066,0.070612559,-0.236352227,-0.335209811
9408.158011,4850.965694,1715.395822,21.14146117,3.30859375,-2.28515625,-3.24609375,-13.875,24.625,-23.4375,-0.244140625,-0.107421875,-0.2734375,0.194030762,0.777954102,-0.506347656,0.317382813,0.210689746,-0.05746084,0.1628057129,0.071678409,-0.242480865,-0.332811648
9408.191345,4850.992586,1715.395822,21.15509572,3.30859375,-2.24609375,-3.28515625,-15,25.6875,-21.875,-0.248046875,-0.109375,-0.26953125,0.194030762,0.777954102,-0.506347656,0.317382813,0.153228906,-0.181959326,0.095768066,0.070079634,-0.232621753,-0.329081173
9408.224678,4850.365343,1715.089805,21.15964057,3.30859375,-2.24609375,-3.24609375,-15.375,23.5625,-21.75,-0.248046875,-0.109375,-0.26953125,0.18762207,0.776794434,-0.509155273,0.319641113,0.258573779,-0.038307227,-0.153228906,0.073810109,-0.237951002,-0.316290974
9408.258011,4850.370519,1715.21328,21.16873024,3.34375,-2.24609375,-3.24609375,-15.375,23.5625,-21.75,-0.24609375,-0.115234375,-0.265625,0.182617188,0.776184082,-0.511230469,0.320800781,0.105344873,-0.019153613,0.038307227,0.076208272,-0.24194794,-0.322952536
9408.291345,4851.432027,1715.734055,21.16418541,3.30859375,-2.20703125,-3.24609375,-15,23.5625,-21,-0.2421875,-0.119140625,-0.263671875,0.182617188,0.776184082,-0.511230469,0.320800781,-0.210689746,-0.05746084,0.0478840332,0.083669221,-0.239283315,-0.327748861
9408.324678,4850.828655,1715.245492,21.16873024,3.34375,-2.24609375,-3.24609375,-16.125,23.5625,-22.1875,-0.2421875,-0.119140625,-0.263671875,0.178405762,0.775878906,-0.512756348,0.321350098,0.1436521,-0.009576807,0.11492168,0.074076572,-0.23661869,-0.320021449
9408.358011,4850.590919,1715.245492,21.17327508,3.34375,-2.20703125,-3.24609375,-16.125,23.5625,-22.1875,-0.2421875,-0.123046875,-0.263671875,0.174926758,0.775939941,-0.513916016,0.321228027,0.076614453,0.17238252,-0.105344873,0.084735071,-0.23768454,-0.311761112
9408.391345,4851.815129,1715.889771,21.17327508,3.34375,-2.20703125,-3.24609375,-16.5,23.875,-21.8125,-0.240234375,-0.126953125,-0.26171875,0.174926758,0.775939941,-0.513916016,0.321228027,0.2489969727,0.105344873,0.067037646,0.093261871,-0.229957128,-0.314692199
9408.424678,4850.072078,1714.815995,21.17327508,3.30859375,-2.20703125,-3.24609375,-17.3125,23.875,-20.5625,-0.240234375,-0.126953125,-0.26171875,0.171875,0.776184082,-0.514831543,0.320922852,0.08619126,0.038307227,0.105344873,0.086600309,-0.223029103,-0.318955599
9408.458011,4848.837234,1714.542193,21.17327508,3.34375,-2.20703125,-3.24609375,-17.3125,23.875,-20.5625,-0.23828125,-0.12890625,-0.259765625,0.169189453,0.776611328,-0.515441895,0.320251465,-0.009576807,-0.02873042,-0.019153613,0.099656971,-0.222496178,-0.312826962
9408.491344,4848.546807,1714.63346,21.17781991,3.34375,-2.20703125,-3.28515625,-18.375,23.875,-20.1875,-0.23828125,-0.134765625,-0.2578125,0.169189453,0.776611328,-0.515441895,0.320251465,-0.124498486,0.1436521,-0.02873042,0.1007228207,-0.224094953,-0.311228187
9408.524678,4848.11017,1714.477786,21.17781991,3.34375,-2.16796875,-3.24609375,-18.375,23.1875,-20.1875,-0.23828125,-0.134765625,-0.2578125,0.166625977,0.777160645,-0.515930176,0.319519043,0.019153613,-0.153228906,0.095768066,0.095926496,-0.22489434,-0.316823899
9408.558011,4848.511736,1714.75694,21.17781991,3.34375,-2.16796875,-3.28515625,-18.375,23.1875,-20.1875,-0.232421875,-0.134765625,-0.255859375,0.164306641,0.777832031,-0.516235352,0.318603516,0.2202665527,-0.076614453,0.02873042,0.099656971,-0.218499241,-0.310162337
9408.591344,4848.152003,1714.509985,21.18236474,3.30859375,-2.16796875,-3.24609375,-19.1875,24.25,-17.375,-0.22265625,-0.138671875,-0.2578125,0.164306641,0.777832031,-0.516235352,0.318603516,0.1436521,0,-0.191536133,0.1020551331,-0.213969378,-0.314425736
9408.624678,4848.197212,1714.601254,21.18236474,3.34375,-2.20703125,-3.24609375,-21.0625,22.5,-18.5625,-0.22265625,-0.138671875,-0.2578125,0.16204834,0.778564453,-0.516418457,0.317687988,0.2202665527,0.0478840332,0.0478840332,0.1012557456,-0.213169991,-0.317356824
9408.658011,4847.392123,1714.20398,21.17327508,3.34375,-2.20703125,-3.28515625,-21.0625,22.5,-18.5625,-0.224609375,-0.142578125,-0.2578125,0.162536621,0.780456543,-0.515380859,0.314453125,-0.047884033,0.009576807,0.067037646,0.1089831578,-0.213169991,-0.313892812
9408.691344,4846.825843,1714.080515,21.17781991,3.30859375,-2.16796875,-3.28515625,-20.6875,22.125,-18.1875,-0.220703125,-0.1484375,-0.2578125,0.162536621,0.780456543,-0.515380859,0.314453125,-0.1436521,-0.038307227,0.076614453,0.1076508454,-0.209705978,-0.319488524
9408.724678,4846.859466,1714.20398,21.18236474,3.34375,-2.16796875,-3.24609375,-21.875,22.5,-16.9375,-0.220703125,-0.1484375,-0.2578125,0.166870117,0.783935547,-0.512695313,0.307800293,0.076614453,0.009576807,0.1244984863,0.1071179204,-0.209173054,-0.312560499
9408.758011,4846.238099,1713.89798,21.17327508,3.30859375,-2.16796875,-3.28515625,-21.875,22.5,-16.9375,-0.2109375,-0.150390625,-0.259765625,0.170959473,0.787414551,-0.50994873,0.301208496,0.05746084,-0.05746084,-0.047884033,0.1132465576,-0.204376729,-0.309362949
9408.791344,4844.858023,1713.345075,21.17781991,3.34375,-2.16796875,-3.28515625,-22.625,21.75,-16.5,-0.2109375,-0.15234375,-0.259765625,0.170959473,0.787414551,-0.50994873,0.301208496,0.019153613,-0.076614453,0.105344873,0.1121807077,-0.205975504,-0.314425736
9408.824677,4843.254688,1712.824382,21.16873024,3.34375,-2.1328125,-3.28515625,-23.75,20.3125,-15.3125,-0.2109375,-0.15234375,-0.259765625,0.174987793,0.79083252,-0.507080078,0.294616699,-0.009576807,0.1436521,0.02873042,0.1119142452,-0.201978566,-0.318156211
9408.858011,4843.524505,1713.253808,21.17781991,3.34375,-2.16796875,-3.28515625,-23.75,20.3125,-15.3125,-0.205078125,-0.154296875,-0.259765625,0.178894043,0.794250488,-0.504211426,0.288024902,0.105344873,-0.02873042,-0.220266553,0.1217733573,-0.188388979,-0.317623286
9408.891344,4841.854738,1712.394974,21.17781991,3.34375,-2.16796875,-3.28515625,-24.1875,19.9375,-14.9375,-0.19921875,-0.154296875,-0.259765625,0.178894043,0.794250488,-0.504211426,0.288024902,-0.047884033,0.038307227,-0.047884033,0.1199081198,-0.191320067,-0.316557436
9408.924677,4843.361908,1713.436344,21.17781991,3.34375,-2.16796875,-3.28515625,-24.9375,19.25,-14.5,-0.19921875,-0.154296875,-0.259765625,0.182617188,0.797668457,-0.501220703,0.281433105,0.1628057129,0.067037646,0.076614453,0.1225727447,-0.185724355,-0.327482398
9408.958011,4841.279029,1712.148124,21.18236474,3.34375,-2.1328125,-3.28515625,-24.9375,19.25,-14.5,-0.1953125,-0.158203125,-0.259765625,0.186157227,0.801025391,-0.498168945,0.274780273,-0.124498486,-0.038307227,-0.019153613,0.1207075073,-0.189987754,-0.320021449
9408.991344,4837.888156,1710.89219,21.17781991,3.5,-2.8203125,7.55859375,-25.6875,18.875,-12.125,-0.30078125,-0.140625,-0.259765625,0.186157227,0.801025391,-0.498168945,0.274780273,-0.124498486,-0.038307227,-0.019153613,0.2598009263,-0.46471058,-0.077807047
9409.024677,4842.966756,1713.989247,21.17781991,1.31640625,-6.0390625,38.0859375,-25.3125,18.5,-13.6875,-0.30078125,-0.140625,-0.259765625,0.174316406,0.797485352,-0.502563477,0.284729004,-38.30722656,-16.09861196,26.95871069,-0.078606434,-0.208906591,-0.251540589
9409.058011,4839.514157,1711.380673,21.18236474,3.0390625,-1.9765625,-8.953125,-25.3125,18.5,-13.6875,-0.23046875,-0.130859375,-0.390625,0.176208496,0.799377441,-0.501159668,0.280700684,2.489969727,-14.25986509,-8.169016064,-0.028777949,-0.306165399,-0.609666174
9409.091344,4838.692379,1711.627483,21.18236474,3.4609375,-2.62890625,-4.12890625,-26.0625,18.5,-11.75,-0.275390625,-0.12890625,-0.4609375,0.176208496,0.799377441,-0.501159668,0.280700684,7.565677246,23.89413257,11.26232461,0.06235222232,-0.135096482,-0.485228192
9409.124677,4838.375886,1711.627483,21.18236474,3.50390625,-1.90234375,-3.0546875,-26.0625,18.5,-11.75,-0.275390625,-0.12890625,-0.4609375,0.183776855,0.805175781,-0.493530273,0.272705078,5.449202979,-6.952761621,10.40998882,0.082336909,-0.299503837,-0.361056672
9409.15801,4837.368603,1711.19813,21.17781991,3.46484375,-2.16796875,-2.671875,-26.0625,18.5,-11.75,-0.271484375,-0.1328125,-0.291015625,0.189880371,0.808898926,-0.489196777,0.265136719,-2.748543506,0.7757213379,-2.614468213,0.1121807077,-0.274456363,-0.303234312
9409.191344,4835.090086,1710.280325,21.17781991,2.88671875,-2.24609375,-3.44140625,-27.1875,17.4375,-12.4375,-0.2890625,-0.107421875,-0.2421875,0.189880371,0.808898926,-0.489196777,0.265136719,-4.453215088,2.327164014,-2.4516625,0.1228392072,-0.204909654,-0.260600314
9409.224677,4834.786837,1710.554134,21.18236474,3.078125,-1.82421875,-3.48046875,-27.9375,15.6875,-10.4375,-0.2890625,-0.107421875,-0.2421875,0.195861816,0.811279297,-0.486633301,0.258056641,3.390189551,1.532289062,1.963245361,0.044499236,-0.252872902,-0.296839212
9409.25801,4834.484631,1710.462864,21.17781991,3.078125,-1.86328125,-3.09375,-27.9375,15.6875,-10.4375,-0.275390625,-0.099609375,-0.244140625,0.201782227,0.813354492,-0.484191895,0.251525879,-16.85517969,-3.926490723,27.99300581,0.1393598815,0.002931087,-0.321353761
9409.291344,4834.560665,1710.554134,21.18236474,2.42578125,-1.7109375,-5.890625,-28.375,16.3125,-9.25,-0.30078125,-0.078125,-0.216796875,0.201782227,0.813354492,-0.484191895,0.251525879,5.324704492,-7.163451367,-2.53785376,-0.030110261,-0.359191435,-0.263531401
9409.324677,4832.564993,1709.572171,21.18236474,3.5390625,-3.1640625,-4.1640625,-29.125,16.3125,-10.0625,-0.30078125,-0.078125,-0.216796875,0.208190918,0.815002441,-0.481750488,0.245727539,0,4.271255762,-0.804451758,0.06101991,-0.305099549,-0.317623286
9409.35801,4831.429667,1709.389627,21.18236474,4.03515625,-2.20703125,-3.1328125,-29.125,16.3125,-10.0625,-0.314453125,-0.115234375,-0.26171875,0.214660645,0.816833496,-0.479187012,0.238769531,3.179499805,0.5458779785,1.589749902,0.3096294117,-0.217166928,-0.269660038
9409.391344,4829.860595,1708.837011,21.17781991,2.00390625,-0.29296875,-10.671875,-29.5,15.3125,-8.5,-0.19921875,-0.083984375,-0.181640625,0.214660645,0.816833496,-0.479187012,0.238769531,-48.09472295,-21.43289326,-58.62921025,0.1204410448,-0.268860651,-0.190254217
9409.424677,4828.191923,1708.316503,21.18236474,3.23046875,-4.35546875,-3.515625,-29.125,14.5625,-8.875,-0.19921875,-0.083984375,-0.181640625,0.219177246,0.818847656,-0.47668457,0.232849121,9.672574707,-12.77546006,0.4501099121,0.0162542118,-0.324551311,-0.326150086
9409.45801,4827.561396,1708.316503,21.18236474,2.76953125,-0.17578125,-5.35546875,-29.125,14.5625,-8.875,-0.28515625,-0.02734375,-0.287109375,0.225646973,0.820739746,-0.473144531,0.227111816,-0.603338818,5.784391211,-3.141192578,0.057022973,-0.213969378,-0.431136306
9409.491343,4825.809752,1707.58141,21.18236474,4.11328125,-0.5234375,-11.02734375,-29.9375,14.1875,-6.875,-0.150390625,-0.00390625,-0.32421875,0.225646973,0.820739746,-0.473144531,0.227111816,58.14079312,-35.83641045,-53.89826777,-0.011724349,0.004796325,-0.457516093
9409.524677,4826.230794,1708.101892,21.18690956,3.15625,3.578125,-32.0546875,-30.25,13.8125,-8.0625,-0.150390625,-0.00390625,-0.32421875,0.230834961,0.823669434,-0.467712402,0.222473145,10.3812584,3.524264844,-26.18298936,-0.11564472,0.091130171,-0.51507199
9409.55801,4823.749798,1706.814319,21.18236474,-4.546875,-1.48046875,-25.27734375,-30.25,13.8125,-8.0625,0.048828125,0.142578125,-0.419921875,0.233581543,0.82824707,-0.458740234,0.221435547,12.67969199,-0.746990918,-24.07609189,-0.607800936,-0.013589587,-0.455650855
9409.591343,4822.640798,1706.723045,21.18690956,-15.34765625,-7.265625,-27.7578125,-30.625,11.3125,-8.4375,-0.2265625,1.228515625,-0.57421875,0.233581543,0.82824707,-0.458740234,0.221435547,5.161898779,-21.44247007,-22.16073057,-1.422110301,-0.188921904,-0.677081183
9409.624677,4824.210261,1707.672682,21.19145439,-17.76171875,-9.37109375,-28.64453125,-31,12.0625,-10.3125,-0.2265625,1.228515625,-0.57421875,0.247314453,0.82824707,-0.444702148,0.234680176,-17.95651245,-23.6547124,-56.6755417,-3.013957208,-0.720514569,-0.840689151
9409.65801,4833.784795,1711.997742,21.18236474,-24.2734375,-9.83203125,-42.7734375,-31,12.0625,-10.3125,-0.857421875,2.93359375,-0.939453125,0.291015625,0.817382813,-0.416503906,0.271484375,14.91108794,-3.56257207,-13.43625972,-3.215669312,-0.863072,-1.058389005
9409.691343,4847.987338,1717.087184,21.18690956,4.5703125,2.2734375,-24.85546875,-29.75,9.5625,-15.125,-0.48046875,2.828125,-1.037109375,0.291015625,0.817382813,-0.416503906,0.271484375,-21.60527578,14.79616626,-22.9364519,-2.679813247,-0.251274127,-1.169770325
9409.724677,4858.567966,1719.573772,21.18690956,19.78125,15.6796875,-27.8359375,-29.25,8.625,-20.5625,-0.48046875,2.828125,-1.037109375,0.34185791,0.799987793,-0.377746582,0.316955566,-5.123591553,12.86165132,-11.93270107,-2.145023033,0.124970907,-1.210272623
9409.75801,4872.824945,1724.516477,21.18690956,20.77734375,11.16015625,-18.453125,-29.25,8.625,-20.5625,0.20703125,1.96875,-1.1953125,0.37109375,0.791381836,-0.334960938,0.351806641,-7.086836914,18.93334673,-16.97010137,-1.627286418,0.4306033815,-1.352297129
9409.791343,4880.923025,1725.806272,21.17781991,21.84765625,7.75390625,-18.60546875,-27.625,5,-25.75,0.5546875,1.1015625,-1.375,0.37109375,0.791381836,-0.334960938,0.351806641,-1.810016455,14.48013164,-18.23423984,-0.994171545,0.628851473,-1.462879062
9409.824677,4885.142995,1726.359976,21.18690956,16.984375,-0.1015625,-19.83203125,-26.375,1.1875,-29.25,0.5546875,1.1015625,-1.375,0.383972168,0.793945313,-0.291687012,0.370361328,0.928950244,12.57434712,-17.91820522,-0.725577356,0.5848851624,-1.480199124
9409.85801,4886.925959,1726.451231,21.18236474,14.37890625,-4.23828125,-17.3046875,-26.375,1.1875,-29.25,0.552734375,0.59375,-1.408203125,0.390014648,0.802124023,-0.25189209,0.375549316,1.580173096,11.83693301,-12.55519351,-0.496686079,0.4700398298,-1.4434273
9409.891343,4889.626436,1727.434999,21.18236474,13.87890625,-6.53515625,-15.4609375,-26.4375,-2.375,-28.4375,0.216796875,0.259765625,-1.271484375,0.390014648,0.802124023,-0.25189209,0.375549316,8.599972363,13.00530342,-12.63180796,-0.212903528,0.104186833,-1.284349195
9409.924676,4896.425966,1730.230588,21.18236474,16.91015625,-11.40234375,-14.81640625,-27.4375,-5.5625,-32.3125,0.216796875,0.259765625,-1.271484375,0.397216797,0.809753418,-0.218994141,0.372253418,7.201758594,14.25028828,-11.84650981,0.11671057,-0.294174587,-0.946741222
9409.95801,4902.501625,1731.918722,21.17781991,21.62109375,-11.8984375,-13.6640625,-27.4375,-5.5625,-32.3125,-0.4765625,-0.328125,-0.7109375,0.409790039,0.812988281,-0.20489502,0.359436035,9.270348828,23.34825459,-9.567229834,0.9142327982,-0.899310899,-0.058088823
9409.991343,4898.01963,1728.633925,21.18236474,27.2109375,-11.1328125,-12.25,-26.75,-4.875,-29.9375,-1.205078125,-1.474609375,0.767578125,0.409790039,0.812988281,-0.20489502,0.359436035,9.97903252,25.46472886,-7.920019092,1.674183816,-1.319255781,1.079706004
9410.024676,4892.485501,1726.789972,21.18236474,30.9609375,-9.33203125,-9.52734375,-30.25,-3.125,-25.5625,-1.205078125,-1.474609375,0.767578125,0.421875,0.81060791,-0.23059082,0.334289551,6.521805322,27.26516851,-2.873041992,2.713121058,-1.936915829,2.802652455
9410.05801,4879.440239,1721.507589,21.17781991,28.6640625,-6.11328125,-5.8125,-30.25,-3.125,-25.5625,-1.96484375,-2.765625,2.94921875,0.422302246,0.795349121,-0.31628418,0.298400879,3.610456104,22.59168687,0.344765039,3.274024597,-2.435200683,3.936183881
9410.091343,4863.60024,1716.260293,21.17327508,25.68359375,-4.0078125,-2.59375,-31.5625,3.5625,-18.9375,-2.875,-3.52734375,4.75390625,0.422302246,0.795349121,-0.31628418,0.298400879,2.36547124,20.79124722,4.012681982,3.599641758,-3.02275047,4.909038427
9410.124676,4847.077928,1711.19813,21.17781991,23.34375,-3.3203125,-0.21875,-29.125,14.9375,-9.25,-2.875,-3.52734375,4.75390625,0.411315918,0.750610352,-0.45098877,0.253112793,0.555454785,18.80884824,6.856993555,3.689972541,-3.978284954,5.92346112
9410.15801,4836.892675,1709.325458,21.17327508,21.42578125,-2.70703125,1.50390625,-29.125,14.9375,-9.25,-4.08203125,-3.62890625,6.05859375,0.39642334,0.657531738,-0.609863281,0.196472168,0.363918652,19.99637227,6.560112549,3.5013171,-4.71878421,6.500085946
9410.191343,4836.617697,1711.074732,21.16873024,20.62109375,-1.328125,2.5390625,-20,26.9375,3.4375,-5.265625,-3.068359375,6.88671875,0.39642334,0.657531738,-0.609863281,0.196472168,-5.161898779,19.71864487,9.299079248,2.879127189,-5.547749012,7.008496374
9410.224676,4843.798218,1714.601254,21.17327508,20.97265625,5.60546875,3.9921875,-5,30.3125,18,-5.265625,-3.068359375,6.88671875,0.385314941,0.508422852,-0.759338379,0.128417969,-7.776366992,22.75449258,11.01332764,2.252140953,-5.92559282,7.2768241
9410.258009,4858.076464,1720.186002,21.16418541,20.97265625,5.60546875,3.9921875,-5,30.3125,18,-5.94140625,-2.048828125,7.42578125,0.379943848,0.309143066,-0.870117188,0.054443359,-12.05719956,21.66273662,9.86411084,1.574793307,-6.104655613,7.755124267
9410.291343,4878.430381,1727.402494,21.17327508,22.46484375,8.94140625,3.91796875,12.75,25.5625,29.875,-5.994140625,-0.857421875,8.361328125,0.379943848,0.309143066,-0.870117188,0.054443359,-11.99973872,24.77519878,8.216900098,0.630450248,-6.054827127,8.597145731
9410.324676,4897.224811,1732.746562,21.15964057,29.8125,7.1015625,3.34375,27.9375,10.8125,38.6875,-5.994140625,-0.857421875,8.361328125,0.377624512,0.071533203,-0.923095703,-0.011169434,-7.814674219,28.23242598,9.299079248,0.03011026121,-5.889353922,8.731176362
9410.358009,4909.51684,1735.237072,21.16418541,30.66015625,3.69140625,3.53515625,27.9375,10.8125,38.6875,-5.74609375,0.1796875,8.740234375,0.374816895,-0.185058594,-0.906188965,-0.063659668,-2.758120313,30.1382105,9.471461768,-0.562768776,-5.65353462,8.555577582
9410.391343,4913.98549,1735.145824,21.17327508,32.23046875,-0.71484375,3.19140625,32,-9.5625,43.125,-5.28515625,1.05078125,8.46484375,0.374816895,-0.185058594,-0.906188965,-0.063659668,2.882618799,31.76626763,8.628702783,-1.184958687,-5.29913951,8.423145726
9410.424676,4916.035475,1735.32832,21.16418541,32.53125,-6.8046875,3.19140625,26.5,-29.5625,40.25,-5.28515625,1.05078125,8.46484375,0.369628906,-0.418884277,-0.82220459,-0.109069824,11.93270107,29.02730093,9.519345801,-1.523366047,-5.138995554,8.486297335
9410.458009,4898.109594,1726.295024,21.16418541,30.8125,-13.046875,3.7265625,26.5,-29.5625,40.25,-5.03515625,1.67578125,8.548828125,0.358825684,-0.620666504,-0.681274414,-0.147644043,12.66053838,27.60035674,9.394847314,-2.133565146,-5.035874571,8.475105911
9410.491343,4862.813662,1712.545358,21.16418541,25.94921875,-15.8828125,4.9140625,12.8125,-41.625,34.75,-4.8125,2.50390625,8.404296875,0.358825684,-0.620666504,-0.681274414,-0.147644043,14.92066475,20.67632554,10.18972227,-2.649969449,-4.864006266,8.338943579
9410.524676,4822.080925,1699.366139,21.16418541,21.80859375,-17.37890625,5.56640625,-4.25,-46.5,25.3125,-4.8125,2.50390625,8.404296875,0.341003418,-0.778869629,-0.492675781,-0.185241699,15.93580625,19.77610571,9.011775049,-3.368885243,-4.459782671,8.277124282
9410.558009,4798.054642,1695.261236,21.16418541,18.74609375,-18.98828125,5.79296875,-4.25,-46.5,25.3125,-4.32421875,3.423828125,8.31640625,0.319885254,-0.879882813,-0.26940918,-0.225585938,16.76898843,15.11220088,11.31978545,-3.893549883,-4.094729062,8.362925203
9410.591342,4783.335375,1692.566638,21.15509572,16.33203125,-20.6328125,6.1015625,-22.75,-40.25,14.3125,-3.537109375,4.29296875,8.478515625,0.319885254,-0.879882813,-0.26940918,-0.225585938,18.37789194,11.91354746,11.01332764,-4.423010847,-3.573528434,8.481767473
9410.624676,4773.318447,1690.424163,21.16418541,13.11328125,-22.05078125,6.37109375,-35.1875,-24,-0.5625,-3.537109375,4.29296875,8.478515625,0.300476074,-0.915588379,-0.024536133,-0.265991211,18.68434976,6.876147168,12.21042847,-5.092098156,-2.608134838,8.731176362
9410.658009,4771.115292,1691.189804,21.16418541,8.9375,-22.55078125,6.5625,-35.1875,-24,-0.5625,-2.345703125,5.1328125,8.76171875,0.288085938,-0.878479004,0.22668457,-0.306396484,21.18389629,3.380612744,11.32936226,-5.571997098,-1.799687648,8.731176362
9410.691342,4781.836169,1696.761647,21.16873024,4.07421875,-22.70703125,6.90625,-35.375,-3.875,-12.5,-0.7734375,5.861328125,8.759765625,0.288085938,-0.878479004,0.22668457,-0.306396484,19.79525933,-2.260126367,13.46499014,-6.077476439,-0.45511793,8.731176362
9410.724676,4794.389083,1700.835302,21.16873024,-2.8984375,-21.703125,8.62890625,-22.8125,15.75,-23.5625,-0.7734375,5.861328125,8.759765625,0.284362793,-0.765075684,0.459289551,-0.350524902,20.15917798,-7.38371792,12.73715283,-6.195519321,0.664290984,8.597145731
9410.758009,4814.549673,1708.252383,21.16873024,-5.1953125,-19.90625,9.703125,-22.8125,15.75,-23.5625,1.134765625,6.1171875,8.462890625,0.288635254,-0.584655762,0.643371582,-0.401123047,16.75941162,-9.768342773,12.58392393,-6.088401401,1.80848091,8.289648019
9410.791342,4828.037933,1711.042612,21.17781991,-5.88671875,-18.6796875,10.23828125,-0.9375,24.6875,-32.3125,3.013671875,5.578125,7.9453125,0.288635254,-0.584655762,0.643371582,-0.401123047,15.61019482,-8.781931689,10.9558668,-5.522968,3.2015468,7.882226874
9410.824676,4841.825508,1715.21328,21.17327508,-8.8359375,-15.8046875,10.54296875,24.25,21.125,-39.5,3.013671875,5.578125,7.9453125,0.301879883,-0.361999512,0.755859375,-0.454406738,14.38436357,-11.29105503,12.18169805,-4.924493251,4.14056061,7.480934366
9410.858009,4850.46038,1716.84014,21.16873024,-10.328125,-14.15625,11.08203125,24.25,21.125,-39.5,4.55859375,4.59765625,7.251953125,0.320373535,-0.127197266,0.790283203,-0.506591797,9.050082275,-12.75630645,14.55674609,-4.038505476,5.130202292,6.823304944
9410.891342,4850.205016,1715.12201,21.16418541,-11.05859375,-11.859375,12.42578125,40.375,4.625,-38.5625,5.619140625,3.427734375,6.3359375,0.320373535,-0.127197266,0.790283203,-0.506591797,8.63827959,-13.31176123,12.92868896,-3.337709132,5.606637222,6.274125755
9410.924675,4852.960655,1716.501849,21.15509572,-11.48046875,-11.25,12.26953125,50.125,-14.625,-34.625,5.619140625,3.427734375,6.3359375,0.336303711,0.097900391,0.752258301,-0.558044434,7.872135059,-15.36119785,13.21599316,-2.505280317,5.968493281,5.525632625
9410.958009,4841.257199,1710.334462,21.15964057,-12.625,-11.05859375,11.2734375,50.125,-14.625,-34.625,6.083984375,2.3515625,5.408203125,0.34197998,0.287963867,0.660644531,-0.603088379,8.983044629,-15.59104121,11.65497368,-1.979549827,6.016190066,4.943945013
9410.991342,4837.934866,1710.887122,21.14600602,-12.70703125,-11.44140625,10.19921875,50.3125,-32.9375,-25,6.06640625,1.564453125,4.3828125,0.34197998,0.287963867,0.660644531,-0.603088379,9.126696729,-14.29817231,10.91755957,-1.564934195,5.963696956,4.331347751
9411.024675,4841.112244,1713.033874,21.14600602,-11.98046875,-11.2109375,9.08984375,43.6875,-45.5625,-12.1875,6.06640625,1.564453125,4.3828125,0.332092285,0.438232422,0.538085938,-0.638793945,7.249642627,-16.03157432,9.595960254,-1.207874461,5.751592815,3.417914341
9411.058009,4839.478847,1711.654493,21.15509572,-12.89453125,-10.21484375,7.2109375,43.6875,-45.5625,-12.1875,5.76953125,1.111328125,3.248046875,0.303527832,0.547729492,0.408081055,-0.664367676,6.895300781,-17.05629263,7.4986396,-1.136196051,5.550680099,2.671286448
9411.091342,4840.193486,1712.298526,21.15055087,-13.390625,-10.13671875,5.41015625,36.6875,-51.375,1.375,5.4375,1.126953125,1.953125,0.303527832,0.547729492,0.408081055,-0.664367676,7.134720947,-18.10016455,6.665457422,-1.281951032,5.305001685,1.63821138
9411.124675,4839.584085,1711.869166,21.15509572,-14.31640625,-9.41015625,3.80078125,32.3125,-52.125,12.5,5.4375,1.126953125,1.953125,0.251953125,0.625549316,0.288269043,-0.67980957,5.458779785,-17.92778203,5.765237598,-1.574526845,5.150719904,0.9483399967
9411.158009,4828.637556,1706.686253,21.15509572,-15.16015625,-8.52734375,2.26953125,32.3125,-52.125,12.5,5.1484375,1.599609375,0.78125,0.176696777,0.685241699,0.188598633,-0.680908203,1.896207715,-17.57344019,6.809109521,-1.970490103,5.033209946,0.3525298724
9411.191342,4826.938304,1707.882428,21.15055087,-13.05078125,-5.76953125,1.42578125,28.75,-48,25,4.962890625,2.29296875,-0.134765625,0.176696777,0.685241699,0.188598633,-0.680908203,4.386177441,-11.83693301,5.899312891,-2.527929629,4.906640264,-0.288312413
9411.224675,4817.487932,1703.623476,21.15055087,-8.76171875,-6,1.96484375,25.875,-38.75,34.4375,4.962890625,2.29296875,-0.134765625,0.081787109,0.737304688,0.108825684,-0.661682129,4.347870215,-12.24873569,5.382165332,-2.823702991,4.752092021,-0.616061274
9411.258008,4812.746084,1703.071267,21.15509572,-3.89453125,-7.61328125,2.73046875,25.875,-38.75,34.4375,4.720703125,2.814453125,-0.68359375,0.023193359,-0.782897949,-0.043884277,0.620178223,6.694187842,-5.458779785,6.540958936,-3.017954145,4.534392168,-0.800453316
9411.291342,4812.276451,1703.714759,21.15964057,1.0078125,-7.71875,4.33984375,20.4375,-31.3125,43.5625,4.453125,2.9140625,-0.791015625,0.023193359,-0.782897949,-0.043884277,0.620178223,6.205770703,7.594407666,-2.777273926,-3.010226733,4.3707842,-0.74529558
9411.324675,4809.889793,1702.642295,21.16418541,6.41015625,-7.53515625,1.16015625,14.4375,-20.25,46.3125,4.453125,2.9140625,-0.791015625,0.126647949,-0.817260742,0.013244629,0.562011719,6.722918262,0.555454785,5.621585498,-2.774140968,4.353197675,-0.580621763
9411.358008,4811.83954,1704.020548,21.14600602,7.21484375,-7.2265625,2.69140625,14.4375,-20.25,46.3125,4.310546875,2.6328125,-0.490234375,0.221618652,-0.835021973,0.070678711,0.498596191,2.4516625,4.271255762,4.395754248,-2.499418143,4.25300778,-0.263797864
9411.391342,4809.932346,1702.73358,21.15509572,9.203125,-8.296875,2.34765625,7.9375,-9.5625,47.5625,4.19140625,2.115234375,-0.1015625,0.221618652,-0.835021973,0.070678711,0.498596191,7.891288672,10.99417402,3.169922998,-2.101589647,4.153350809,-0.037304748
9411.424675,4823.159774,1709.475943,21.15055087,13.04296875,-11.78515625,0.8515625,2,-0.5625,44.875,4.19140625,2.115234375,-0.1015625,0.307067871,-0.834289551,0.13092041,0.438842773,14.91108794,18.57900488,0.737414111,-0.983246583,3.842389085,0.792459441
9411.458008,4820.742029,1705.860024,21.15055087,22.8828125,-15.578125,-1.7890625,2,-0.5625,44.875,3.8203125,0.763671875,0.8984375,0.378417969,-0.810974121,0.194091797,0.401794434,16.60618271,19.27811177,0.584185205,0.1273690695,3.487993975,1.433834651
9411.491342,4812.35615,1702.245249,21.15509572,24.72265625,-17.9921875,-1.40625,1,8,41.25,3.26171875,-0.87109375,1.560546875,0.378417969,-0.810974121,0.194091797,0.401794434,9.988609326,6.24407793,3.773261816,0.8977121239,3.187957213,1.531359922
9411.524675,4798.650931,1697.158589,21.15055087,11.390625,-13.73828125,0.8515625,3.625,15.5,38,3.26171875,-0.87109375,1.560546875,0.433837891,-0.763549805,0.252502441,0.40625,8.389282617,4.175487695,0.7948749512,1.422376764,2.928422749,1.147920401
9411.558008,4788.119453,1694.586542,21.15055087,5.26171875,-11.1328125,1.54296875,3.625,15.5,38,2.88671875,-1.541015625,1.1171875,0.485595703,-0.706420898,0.290649414,0.425048828,9.251195215,0.746990918,3.313575098,1.733604951,2.666756585,0.9248912978
9411.591341,4782.60323,1693.852339,21.15509572,4.49609375,-12.1640625,1.234375,8.9375,21.625,33.5,2.3515625,-1.970703125,0.685546875,0.485595703,-0.706420898,0.290649414,0.425048828,14.97812559,3.869029883,3.150769385,2.0429679,2.14369072,0.523065865
9411.624675,4780.712137,1693.943632,21.15055087,2.88671875,-17.11328125,-0.296875,13.5,24.875,30.25,2.3515625,-1.970703125,0.685546875,0.533569336,-0.647766113,0.308349609,0.447875977,13.96298408,-2.116474268,2.796427539,2.168738194,1.702162377,0.1470872937
9411.658008,4778.245194,1693.086481,21.15509572,0.7421875,-16.57421875,-0.41015625,13.5,24.875,30.25,1.53125,-2.19921875,0.037109375,0.575073242,-0.596435547,0.30279541,0.471008301,13.47456694,-3.600879297,2.461239307,2.187657031,1.252640159,-0.293908125
9411.691341,4776.068931,1692.475344,21.15509572,-0.71484375,-15.80859375,-0.56640625,16.875,28.75,27.75,0.822265625,-2.142578125,-0.61328125,0.575073242,-0.596435547,0.30279541,0.471008301,13.08191787,-5.01824668,2.3080104,2.093062848,0.7207810315,-0.798854541
9411.724675,4769.18834,1689.53569,21.15055087,-0.984375,-16,-0.71875,18.0625,29.875,22.625,0.822265625,-2.142578125,-0.61328125,0.610900879,-0.558288574,0.276733398,0.48840332,12.4019646,-5.295974072,1.043871924,1.974753503,0.3855712209,-1.225727447
9411.758008,4769.947309,1691.158154,21.15055087,-1.3671875,-14.5,-0.71875,18.0625,29.875,22.625,0.2421875,-1.96484375,-1.330078125,0.643188477,-0.534118652,0.234863281,0.495788574,9.519345801,-6.119579443,3.610456104,1.839390558,0,-1.839124096
9411.791341,4779.318361,1695.535112,21.14600602,-1.55859375,-13.77734375,-0.640625,17.3125,29.875,23,-0.216796875,-1.80078125,-2.078125,0.643188477,-0.534118652,0.234863281,0.495788574,11.94227788,-3.84987627,1.896207715,1.758652424,-0.246477802,-2.249742791
9411.824675,4765.64003,1687.179738,21.14146117,-1.2109375,-13.7734375,-0.6015625,17,30.25,21.4375,-0.216796875,-1.80078125,-2.078125,0.674743652,-0.522338867,0.178710938,0.489807129,12.32535015,-4.577713574,2.633621826,1.701362989,-0.46257888,-2.469307881
9411.858008,4757.089565,1685.557964,21.14146117,0.12890625,-14.8125,-0.296875,17,30.25,21.4375,-0.6328125,-1.716796875,-2.439453125,0.703125,-0.518737793,0.111755371,0.473327637,14.58547651,-3.524264844,4.299986182,1.713353801,-0.848683026,-2.522067454
9411.891341,4753.411671,1685.343849,21.13691631,1.9296875,-16.49609375,0.203125,13.625,30.625,23.875,-1.166015625,-1.806640625,-2.25,0.703125,-0.518737793,0.111755371,0.473327637,15.08347046,-0.593762012,3.67749375,1.782900511,-1.163108763,-2.276655502
9411.924675,4744.636051,1681.764486,21.13691631,4.1875,-17.0703125,1.0078125,10.625,28.8125,24.75,-1.166015625,-1.806640625,-2.25,0.734436035,-0.510742188,0.017944336,0.446472168,14.82489668,2.116474268,4.721365674,1.907072031,-1.545482434,-1.772508474
9411.958008,4739.10659,1680.694389,21.12782658,5.53125,-17.0703125,1.92578125,10.625,28.8125,24.75,-1.775390625,-2.02734375,-1.341796875,0.746520996,-0.505249023,-0.083374023,0.424743652,18.04270371,3.026270898,6.847416748,2.154082757,-2.099191485,-0.768211354
9411.991341,4731.910617,1678.217926,21.12782658,6.37109375,-18.33984375,3.15234375,11.25,25.9375,30.25,-2.529296875,-2.28125,0.0859375,0.746520996,-0.505249023,-0.083374023,0.424743652,15.70596289,3.035847705,7.833827832,2.285448764,-2.538854591,0.1001898957
9412.024674,4723.892948,1675.650797,21.12328172,6.71875,-17.37890625,4.33984375,14.1875,22.3125,34.5625,-2.529296875,-2.28125,0.0859375,0.72064209,-0.517578125,-0.166442871,0.430175781,16.2997249,2.758120313,9.107543115,2.279320127,-3.18982245,1.267828521
9412.058008,4717.146201,1673.848416,21.12328172,5.30078125,-17.4140625,6.29296875,14.1875,22.3125,34.5625,-3.328125,-2.265625,1.544921875,0.656555176,-0.550354004,-0.227294922,0.46295166,15.44738911,1.446097803,10.01733975,2.186591181,-3.685709142,1.944110316
9412.091341,4715.434302,1674.244922,21.11419197,5.30078125,-17.4140625,6.29296875,21.1875,15.8125,38.75,-3.328125,-2.265625,1.544921875,0.656555176,-0.550354004,-0.227294922,0.46295166,14.5663229,1.532289062,11.3868231,1.993139414,-4.157081284,2.291843864
9412.124674,4714.446718,1674.062283,21.13237145,3.8828125,-15.578125,8.1328125,27.9375,7.25,39.9375,-4.14453125,-1.98828125,2.357421875,0.560791016,-0.598632813,-0.275146484,0.501403809,13.09149468,-1.608903516,11.77947217,1.602238944,-4.696934286,2.32248705
9412.158008,4713.668939,1673.848416,21.12782658,2.88671875,-13.55078125,8.74609375,27.9375,7.25,39.9375,-4.810546875,-1.478515625,2.369140625,0.44519043,-0.653564453,-0.317810059,0.523132324,11.61666646,-1.091755957,13.02445703,1.121007689,-5.090499381,2.301702976
9412.191341,4710.379039,1672.382667,21.11873685,1.8515625,-12.78515625,9.1640625,31.1875,-5.5625,43.5,-5.267578125,-0.888671875,2.32421875,0.44519043,-0.653564453,-0.317810059,0.523132324,9.442731348,-1.886630908,13.17768594,0.7905942035,-5.330049158,2.218833142
9412.224674,4710.928154,1673.238057,21.13237145,1.31640625,-12.0546875,9.625,31.1875,-5.5625,43.5,-5.267578125,-0.888671875,2.32421875,0.317810059,-0.708557129,-0.35534668,0.520263672,8.734047656,-5.458779785,12.77546006,0.3994272703,-5.546150237,2.077874486
9412.258008,4707.189739,1671.31353,21.13691631,-1.44140625,-11.40234375,9.73828125,31.1875,-5.5625,43.5,-5.673828125,-0.1953125,2.048828125,0.184326172,-0.758178711,-0.388916016,0.489807129,7.029376074,-6.062118604,13.34049165,-0.263797864,-5.787032326,1.819938797
9412.291341,4700.674333,1668.83938,21.12782658,-2.66796875,-9.79296875,9.39453125,33.3125,-31.625,36.625,-5.833984375,0.669921875,1.810546875,0.184326172,-0.758178711,-0.388916016,0.489807129,4.003105176,-6.636727002,12.28704292,-0.787663116,-5.841657136,1.693635577
9412.324674,4694.234807,1666.9157,21.13237145,-2.78125,-6.8828125,9.35546875,30.875,-43.3125,27.3125,-5.833984375,0.669921875,1.810546875,0.053527832,-0.79901123,-0.418151855,0.428771973,2.164358301,-6.07169541,12.51688628,-1.256903558,-5.841657136,1.545748896
9412.358007,4686.243141,1664.229018,21.13691631,-3.05078125,-3.96875,8.8984375,30.875,-43.3125,27.3125,-5.787109375,1.462890625,1.5703125,0.067626953,0.827331543,0.441345215,-0.340759277,-2.020706201,-11.56878242,16.57745229,-1.875362994,-5.70283018,1.376012291
9412.391341,4681.698852,1663.496717,21.13691631,-3.16796875,-0.90625,7.78515625,25.8125,-52.5625,19.25,-5.416015625,2.2265625,1.419921875,0.067626953,0.827331543,0.441345215,-0.340759277,-5.784391211,-10.44829604,14.44182441,-2.300104201,-5.40305988,1.297938782
9412.424674,4685.096816,1665.969521,21.13691631,-5.8046875,5.0703125,5.2578125,21.625,-56.6875,6.5,-5.416015625,2.2265625,1.419921875,0.170837402,0.840942383,0.457275391,-0.233459473,-6.033388184,-0.871489404,2.614468213,-2.84501999,-4.749160933,1.062918867
9412.458007,4693.859149,1669.57201,21.14146117,-3.2421875,8.78125,4.453125,21.625,-56.6875,6.5,-4.630859375,2.884765625,1.126953125,0.248840332,0.840942383,0.467224121,-0.111999512,-12.48815586,-3.275267871,4.022258789,-3.113880641,-4.205310994,0.8521470384
9412.491341,4706.564887,1674.093519,21.13237145,-0.0625,11.8125,2.921875,18,-57.375,-1.75,-3.599609375,3.248046875,0.69921875,0.248840332,0.840942383,0.467224121,-0.111999512,-18.21508623,0.3926490723,4.232948535,-3.313194583,-3.359559056,0.4708392173
9412.524674,4714.261914,1675.468162,21.13691631,1.8125,14.7578125,0.8515625,18.625,-57.625,-11.5625,-3.599609375,3.248046875,0.69921875,0.29473877,0.828063965,0.476867676,0.00579834,-19.12488286,4.616020801,0.9959878906,-3.283084321,-2.67048706,0.03384073605
9412.558007,4718.084977,1675.895973,21.13691631,10.890625,16.79296875,-3.015625,18.625,-57.625,-11.5625,-2.4921875,3.1328125,-0.046875,0.307495117,0.809387207,0.483154297,0.129943848,-19.39303345,9.279925635,0.603338818,-2.995571296,-2.076542173,-0.536921914
9412.591341,4718.657828,1675.468162,21.13691631,13.87890625,16.18359375,-4.1640625,19.8125,-56.1875,-13.9375,-1.560546875,2.529296875,-1.099609375,0.307495117,0.809387207,0.483154297,0.129943848,-18.176779,12.84249771,-1.886630908,-2.448257345,-1.414382889,-1.413050577
9412.624674,4720.013838,1676.01857,21.13237145,13.30859375,12.50390625,-3.78125,24.375,-53.6875,-19.625,-1.560546875,2.529296875,-1.099609375,0.309204102,0.776611328,0.502807617,0.220092773,-5.679046338,0.316034619,2.087743848,-2.094128698,-1.196150111,-1.894548294
9412.658007,4722.299449,1676.874265,21.14600602,16.94921875,16.8671875,-5.7734375,24.375,-53.6875,-19.625,-0.939453125,1.751953125,-2.29296875,0.31439209,0.731994629,0.539794922,0.272094727,-27.60035674,16.5870291,-0.373495459,-1.293408919,-0.547846876,-2.886854601
9412.69134,4719.441568,1675.071632,21.13691631,14.1875,14.49609375,-5.19921875,30.6875,-52.25,-17.375,-0.349609375,0.962890625,-3.103515625,0.31439209,0.731994629,0.539794922,0.272094727,-18.04270371,8.073247998,-1.714248389,-0.919562048,-0.23981624,-3.235387536
9412.724674,4715.251484,1673.574462,21.14600602,12.1171875,14.72265625,-5.046875,38.1875,-48,-18.75,-0.349609375,0.962890625,-3.103515625,0.326599121,0.679321289,0.590820313,0.287780762,-17.15206069,6.349422803,-1.28329209,-0.641108747,0.1374946441,-3.150918927
9412.758007,4706.385455,1670.061865,21.14146117,9.20703125,14.6484375,-4.6640625,38.1875,-48,-18.75,0.279296875,0.447265625,-2.953125,0.338012695,0.629516602,0.641662598,0.278747559,-18.4640832,6.052541797,-0.948103857,-0.28804595,0.713586544,-2.488226718
9412.79134,4700.348042,1668.779179,21.14146117,9.015625,16.37109375,-4.35546875,43.375,-44.4375,-16.9375,1.0859375,0.111328125,-1.853515625,0.338012695,0.629516602,0.641662598,0.278747559,-17.81286035,5.937620117,-2.643198633,-0.145754981,1.191886711,-1.820471722
9412.824674,4689.900003,1664.840764,21.14146117,6.75390625,15.52734375,-3.93359375,47.9375,-41.25,-17.4375,1.0859375,0.111328125,-1.853515625,0.337219238,0.59979248,0.679199219,0.255432129,-12.92868896,0.5267243652,1.991975781,-0.063684535,1.652600354,-1.293408919
9412.858007,4684.149097,1663.986051,21.15055087,5.33984375,13.421875,-2.86328125,47.9375,-41.25,-17.4375,1.85546875,-0.025390625,-1.130859375,0.321228027,0.591247559,0.705932617,0.221191406,-14.25986509,-0.526724365,1.177947217,-0.033574274,2.173268057,-0.938480885
9412.89134,4680.130782,1663.100413,21.14600602,3.23046875,12.34375,-2.2109375,49.3125,-40.1875,-11.9375,2.5078125,-0.013671875,-0.654296875,0.321228027,0.591247559,0.705932617,0.221191406,-12.44984863,1.551442676,2.173935107,-0.041301686,2.55164479,-0.660027584
9412.924674,4671.603336,1659.713556,21.14146117,2.96484375,11.23828125,-1.4453125,49.6875,-40.5625,-10.8125,2.5078125,-0.013671875,-0.654296875,0.291809082,0.595458984,0.727233887,0.177246094,-11.37724629,0.8714894043,2.949656445,-0.043966311,3.03340897,-0.28165085
9412.958007,4665.206686,1658.18772,21.14146117,3.57421875,10.89453125,-0.41015625,49.6875,-40.5625,-10.8125,3.13671875,-0.015625,-0.193359375,0.249389648,0.609985352,0.741821289,0.124023438,-12.07635317,0.555454785,1.963245361,-0.050094948,3.387271154,-0.027978561
9412.99134,4660.638348,1657.150915,21.15055087,3.23046875,9.09765625,0.203125,50.5625,-40.625,-2.9375,3.13671875,-0.015625,-0.193359375,0.249389648,0.609985352,0.741821289,0.124023438,-11.74116494,0.814028564,4.309562988,-0.027179174,3.709957228,0.1601439556
9413.024673,4648.759819,1652.240982,21.14146117,4.03515625,8.36328125,0.625,49.0625,-41,0.625,3.71484375,-0.033203125,0.173828125,0.194946289,0.631835938,0.747680664,0.061096191,-8.983044629,-0.248996973,4.510675928,0.066882085,4.116845448,0.3317457982
9413.058007,4641.790316,1651.051856,21.15509572,3.4609375,6.5625,0.96875,49.0625,-41,0.625,4.224609375,-0.16015625,0.349609375,0.131347656,0.65435791,0.744506836,-0.015563965,-8.60954917,0.2202665527,4.7596729,0.1550811683,4.378778074,0.3413384478
9413.09134,4636.068754,1649.558185,21.15509572,3.15625,5.18359375,1.16015625,50.3125,-39.3125,8.875,4.224609375,-0.16015625,0.349609375,0.131347656,0.65435791,0.744506836,-0.015563965,-5.343858105,-1.130063184,5.133168359,0.243813177,4.658563687,0.2227626404
9413.124673,4636.185504,1650.655785,21.15055087,3.265625,3.1171875,1.3515625,49.1875,-38.625,12.8125,4.619140625,-0.283203125,0.240234375,0.061462402,0.67010498,0.73260498,-0.102478027,-3.141192578,2.164358301,3.485957617,0.333078111,4.793393707,0.1793292548
9413.158007,4628.38263,1646.846064,21.15509572,2.65625,0.78125,1.3125,49.1875,-38.625,12.8125,4.875,-0.400390625,0.14453125,0.012329102,-0.674865723,-0.711486816,0.195495605,1.953668555,1.177947217,8.714894043,0.3727810215,4.903975639,0.098324658
9413.19134,4630.291389,1649.192831,21.15509572,1.8515625,-2.625,0.890625,49.375,-33.3125,20.9375,4.875,-0.400390625,0.14453125,0.012329102,-0.674865723,-0.711486816,0.195495605,6.445190869,-2.116474268,9.145850342,0.3687840842,4.89011959,0.2025114913
9413.224673,4638.053006,1652.576504,21.15964057,1.0078125,-5,0.5859375,50.375,-29.0625,24.375,4.931640625,-0.435546875,0.16796875,0.086181641,-0.670654297,-0.682189941,0.278259277,4.050989209,-5.382165332,5.171475586,0.3226860736,4.817108868,0.303234312
9413.258007,4648.177435,1656.022851,21.15964057,-0.0625,-7.9140625,0.69921875,50.375,-29.0625,24.375,4.73828125,-0.390625,0.35546875,0.156921387,-0.659545898,-0.643310547,0.355651855,10.46744966,-5.008669873,3.035847705,0.3106952616,4.489360007,0.4838958792
9413.29134,4662.675397,1661.148362,21.15964057,-0.0234375,-11.359375,-0.56640625,49.9375,-23.75,27.125,4.73828125,-0.390625,0.35546875,0.156921387,-0.659545898,-0.643310547,0.355651855,12.22958208,-5.104437939,2.710236279,0.2989709122,4.19731712,0.5784900626
9413.324673,4683.70839,1668.627674,21.16873024,-1.2109375,-12.97265625,-1.75390625,49.9375,-18.375,27.4375,4.267578125,-0.36328125,0.564453125,0.218139648,-0.644897461,-0.596862793,0.424621582,14.21198105,-7.747636572,0.02873042,0.210505366,3.804284949,0.6259203856
9413.358006,4694.605712,1670.001708,21.16873024,-2.4765625,-15.62109375,-2.90234375,49.9375,-18.375,27.4375,3.60546875,-0.23046875,0.607421875,0.268066406,-0.628967285,-0.54888916,0.480957031,12.49773267,-10.22802949,-3.256114258,0.049029098,3.304934245,0.5784900626
9413.39134,4686.222525,1663.925754,21.16418541,-4.23828125,-15.62109375,-3.7421875,50.25,-14.125,29.8125,3.60546875,-0.23046875,0.607421875,0.268066406,-0.628967285,-0.54888916,0.480957031,14.98770239,-10.59194814,-2.499546533,-0.212903528,2.933751999,0.454851468
9413.424673,4679.07126,1662.002864,21.16418541,-6.61328125,-16.26953125,-5.0078125,51.375,-9.125,28.5,2.96875,0.150390625,0.482421875,0.311035156,-0.614624023,-0.50402832,0.520996094,12.60307754,-10.77390747,-2.643198633,-0.545981639,2.441595783,0.2616661638
9413.458006,4679.463844,1663.498413,21.15964057,-7.49609375,-15.30859375,-5.8515625,51.375,-9.125,28.5,2.34375,0.595703125,0.22265625,0.351379395,-0.604553223,-0.464660645,0.543273926,11.49216797,-9.6629979,-3.380612744,-0.857209826,2.156214457,0.094594183
9413.49134,4681.536119,1664.413399,21.16418541,-8.60546875,-14.921875,-5.8125,48.75,-6.625,31.6875,2.34375,0.595703125,0.22265625,0.351379395,-0.604553223,-0.464660645,0.543273926,9.9503021,-15.03558643,-2.691082666,-1.337108768,1.806882135,-0.224094953
9413.524673,4678.378615,1662.490475,21.16873024,-8.94921875,-14.77734375,-5.5078125,46.8125,-3.8125,31.6875,1.908203125,1.162109375,-0.09375,0.393249512,-0.599853516,-0.430297852,0.548095703,11.22401738,-12.73715283,-2.231395947,-1.702695302,1.617427305,-0.512140903
9413.558006,4672.53012,1660.232054,21.15509572,-9.83203125,-15.2265625,-4.96875,46.8125,-3.8125,31.6875,1.49609375,1.796875,-0.65234375,0.441040039,-0.600463867,-0.400878906,0.53314209,12.4019646,-11.76031855,-1.244984863,-2.108251209,1.317390543,-0.915831573
9413.59134,4661.934699,1656.174671,21.15509572,-9.06640625,-15.6484375,-4.2421875,43.3125,1.9375,36.125,1.49609375,1.796875,-0.65234375,0.441040039,-0.600463867,-0.400878906,0.53314209,14.15452021,-11.62624326,-1.13963999,-2.660095023,0.8865206994,-1.424508464